level,type,prompt,topic,points,option_a,option_b,option_c,option_d,correct,fill_answers,fill_case_sensitive
A1,MC,"Hello, ________ Carlos.",grammar,1,I,I’m,am,,B,,
A1,MC,"Oh, ________ are from Germany!",grammar,1,I,you,you’re,,B,,
A1,MC,Nice to meet ________.,grammar,1,you’re,you,I’m,,B,,
A1,MC,Rob ________ a doctor. He’s a teacher.,grammar,1,’m not,isn’t,aren’t,,B,,
A1,MC,"Hi, I’m Marcus. I ________ from France. I’m German.",grammar,1,isn’t,aren’t,’m not,,C,,
A1,MC,My friends ________ on the beach. They’re in school.,grammar,1,isn’t,aren’t,’m not,,B,,
A1,MC,"This is Bill, and this is ________ sister, Sarah.",grammar,1,their,its,his,,C,,
A1,MC,This is a photo of me with my sister at ________ wedding.,grammar,1,its,her,their,,B,,
A1,MC,Angela and Steve are here. Look! That’s ________ new car.,grammar,1,their,its,your,,A,,
A1,MC,"Excuse me, is ________ the city museum over there?",grammar,1,those,that,this,,B,,
A1,MC,Here we are. ________ is where I live.,grammar,1,This,That,These,,A,,
A1,MC,Are ________ books next to you Boston guidebooks?,grammar,1,this,these,those,,C,,
A1,MC,This book is really ________. I don’t want to read it.,grammar,1,boring,great,interesting,,A,,
A1,MC,Do you like swimming?,grammar,1,"Yes, I do.","No, I’m not.","Yes, I am.",,A,,
A1,MC,Do your friends like playing soccer after school?,grammar,1,"Yes, they do.","Yes, we do.","No, they aren’t.",,A,,
A1,MC,It’s very ________. Why don’t you wear a sweater?,grammar,1,bored,cold,thirsty,,B,,
A1,MC,It’s midnight. I’m ________ and I want to go to bed.,grammar,1,tired,bored,hot,,A,,
A1,MC,Let’s go to the pizza restaurant. I’m ________.,grammar,1,cold,hungry,tired,,B,,
A1,MC,I go to bed ________ 11:00 or 11:30 most days.,grammar,1,in,on,at,,C,,
A1,MC,My sister and I work ________ Saturday mornings.,grammar,1,on,at,in,,A,,
A1,MC,My parents are doctors. They start work early in the morning and finish ________ 6:00 p.m.,grammar,1,at,on,in,,A,,
A1,MC,Ravi isn’t a taxi driver. He ________ a train.,grammar,1,drive,don’t drive,drives,,C,,
A1,MC,Kim ________ in a big office with 75 other people.,grammar,1,works,work,walks,,A,,
A1,MC,"Kadir can speak English, but he ________ Arabic.",grammar,1,don’t speak,speaks,doesn’t speak,,C,,
A1,MC,I often ________ by train for my job.,grammar,1,drive,take,travel,,C,,
A1,MC,"This is a fantastic vacation, but we ________ home on Friday.",grammar,1,visit,fly,leave,,B,,
A1,MC,Are there ________ good hotels near here?,grammar,1,the,a,any,,C,,
A1,MC,________ a good app for learning English?,grammar,1,Are there,Is there,There is,,B,,
A1,MC,"A: Is there a bookstore near here? B: Yes, ________.",grammar,1,there is,is there,there are,,A,,
A1,MC,Yesterday morning I was ________ to Seattle with eight friends.,grammar,1,in traffic,on a train,at home,,B,,
A1,MC,I went to the doctor yesterday because I was ________.,grammar,1,on the phone,in traffic,not well,,C,,
A1,MC,I’m sorry. I can’t talk to you now. I’m very ________.,grammar,1,busy,on the phone,not well,,A,,
A1,MC,"A: Were you at home yesterday? B: Yes, ________.",grammar,1,I wasn’t,you were,we were,,C,,
A1,MC,"A: Were you busy last week? B: Yes, ________.",grammar,1,it was,we weren’t,I was,,C,,
A1,MC,A: Was it your birthday on Monday? B: ________.,grammar,1,"Yes, it was","No, I wasn’t","Yes, I was Read. Choose the correct option. When I was a child, I lived in the US. My favorite singer was Michael Jackson. I listened to his music all the time. My mother was a piano teacher, and she helped me learn to play his songs, too. We moved to Columbia when I was 12 because my father wanted to work with a company in Bogotá. We lived there for ten years. I discovered lots of music by Colombian groups: my favorite was a rock and roll group from Cartagena—they were great! I watched them in concert five times in Bogotá. I later learned to play the guitar, and I started my own rock and roll band with some friends. We weren’t very good! Music is still important to me. I sometimes play the drums in a jazz group. I usually listen to jazz or classical music when I drive. I’m a taxi driver, and the music helps me relax in traffic.",,A,,
A1,MC,Which was the second musical instrument the writer learned to play?,grammar,1,the drums,the guitar,the piano,,B,,
A1,MC,The writer moved to Colombia ________.,grammar,1,because his mother wanted to teach in Bogotá,because he joined a Colombian band,because of his father’s job,,C,,
A1,MC,The writer learned to play the guitar because ________.,grammar,1,his mother helped him,he wanted to start a band,"he was good at it Read. Choose the correct option. My name’s Robert. My students and family call me Rob. I’m from Coventry in the United Kingdom. I’m an English teacher in London. In my class, I have ten students from Vietnam, Brazil, Mexico, and Italy. Eight of the students are doctors, and two are photographers. I’m a photographer. My name is Pedro. Rob is my teacher. I’m from Mexico, so I speak Spanish, but now I’m in London with my family. Here I speak English. This is my favorite photo—it’s my friend, Ana. She’s a doctor from Rio de Janeiro. She’s happy. Look! Good morning, everyone. I’m Ana. I’m from Brazil, and I speak English, Italian, and Portuguese. My family is in Rio. I’m a student in London.",,B,,
A1,MC,Who is in London?,grammar,1,Rob,Ana and Rob,"Rob, Ana, and Pedro",,C,,
A1,MC,Who is with his family?,grammar,1,Rob,Rob and Pedro,Pedro,,C,,
A1,MC,Who is in a photograph?,grammar,1,Ana,"Pedro c. Rob Read. Choose the correct option. Interview What do you do? I’m a DJ. I play music in clubs. What’s your daily routine? Well, I work from Wednesday to Saturday, from night to morning. On Sundays, I get up late. But from Monday to Wednesday, I get up at 10:00 in the morning. I have coffee and eggs for breakfast, and then I read a book for an hour. In the afternoon, I listen to music and talk to friends. What do you do when you work? I start work at 9:00 in the evening. I play music until 4:30 or 5:00 in the morning. Then I go home. I love cooking, so I make my favorite meal—fish with rice. I have dinner at 7:00 in the morning, and then I go to bed at 10 o’clock. I get up at 4:30 p.m. That’s when I have breakfast. Do you do exercise? Yes. I enjoy running. I also play soccer on Sundays in the park with some friends.",,,A,,
A1,MC,The DJ has breakfast in the afternoon on ________.,grammar,1,Mondays,Wednesdays,Thursdays,,C,,
A1,MC,The DJ gets up in the afternoon on ________.,grammar,1,Saturdays,Tuesdays,Mondays,,A,,
A1,MC,"When he works, the DJ has dinner at ________.",grammar,1,5 p.m.,7 a.m.,"9 p.m. Read. Choose the correct option. A sporty family Rashid is my friend. His family loves sports. His mother is a doctor and she likes running. She runs three kilometers before breakfast five days a week. She also runs marathons—that’s 42 kilometers! She likes tennis, too, and she plays in a club on weekends. Her husband is a sports teacher at our school. He likes basketball, soccer, and tennis, and he also runs with his wife. They have two children. Rashid is their son. I play soccer with him in school, and in the park after school, too. Sometimes we play against other schools on Saturdays. Rashid also likes cycling and Formula 1, but I don’t. I love scuba diving, but Rashid can’t swim. Aisha is Rashid’s sister. She’s ten, and she loves swimming and playing ping-pong. My sister is named Ruby. She doesn’t like sports—she’s only 18 months old!",,B,,
A1,MC,Who plays soccer in school?,grammar,1,Aisha,Rashid’s father,Rashid and the writer,,C,,
A1,MC,Who likes tennis?,grammar,1,Aisha,Rashid’s mother and father,"Rashid Read. Choose the correct option. Paul lives in Miami but he knows Tokyo, New York, and many other international cities very well. Do you want to know where there are great beaches in Thailand? Ask Paul. The best museums in Berlin? Ask Paul. He also knows where there are nice, cheap restaurants in Paris and Rio. Every year, he visits those cities many times because Paul is a pilot; he flies planes to and from the United States. Paul usually works one day, and then the next day, he rests in a hotel and explores the area. The day after that, he flies back to the US. He travels with one small suitcase. There are a couple of shirts, a pair of shorts for swimming, two T-shirts, and a pair of comfortable shoes in it. Where does he go on vacation? “I travel so much because of my work,” he says. “So, I always enjoy spending my vacation in my own country. I love fishing in a river near my house.”",,B,,
A1,MC,"When he is in a different place because of his job, Paul enjoys ________.",grammar,1,museums and local restaurants,swimming and shopping,flying and walking,,A,,
A1,MC,Paul likes hotels with a ________.,grammar,1,gift shop,restaurant,swimming pool,,C,,
A1,MC,Paul’s hobby is ________.,grammar,1,flying,eating,fishing,,C,,
A1,MC,Paul enjoys spending his vacation ________.,grammar,1,in different cities,near his home,in lots of countries,,B,,
